path,type,bytes,sha256
cad/大葱收种一体机/11x5t5.step,.STEP,31498,ed3499b4ea3def108bedd3c0fbc3bb052c054e4822ffebb67e024776d5f5ffd1
cad/大葱收种一体机/16活塞杆.step,.STEP,88776,797750e94a3a0b4aa4b78f533b821cffb795370af00ce4ae9b7198fcbe1a5864
cad/大葱收种一体机/16缸体.step,.STEP,201853,2efc98f1bb0f64825f2a16e722e97c03c6e5f95ec9b4141222b36b1385b2fd8d
cad/大葱收种一体机/17x26t5.step,.STEP,30508,cc9a4f11c5b251e3f61a2daeddc54420a70d92cec52feb15199f5f4b2cb0f03b
cad/大葱收种一体机/19.AXLE.step,.STEP,1675172,b95f31617b06429e21c754fe67113393f65717d098fbd1a907813896529e2746
cad/大葱收种一体机/1X10X30.SLDPRT,.SLDPRT,1485731,58aa87848087c002bbb1b607ee3eb3da23ec46be8db5a59665c7a8a26af4ea68
cad/大葱收种一体机/1X10X30.step,.STEP,703717,7912c4448ee055df9f005a07a2829ef9b9afe2eead04767356c0a31c2157d51b
cad/大葱收种一体机/1X10X50.SLDPRT,.SLDPRT,1410081,cb84ac4652a9e0ebb2b5019e8857d540f4917be414ec636a18696b7c7e3b9a63
cad/大葱收种一体机/1X10X50.step,.STEP,744189,7f50620b6f42892b4be4bcac78408ff24fd3861959fcadb380fc1dbb44fed49f
cad/大葱收种一体机/20.RIM.step,.STEP,461154,a9ba69e7d7202e5868e99aa03aed10f654666a2c79ac23ea8556c6618cb8d12a
cad/大葱收种一体机/20系列2020压铸角铝[CB-20-2020].step,.STEP,131004,ca76d571ff8f2d5b538101536b49908a3513518162d3c21f8af5f52fa6ebfec7
cad/大葱收种一体机/21. TYRE.step,.STEP,18346178,beca3d21ac28cf8acc8b17b86da61e9afec8b1df74af1251284ef99385b4faf7
cad/大葱收种一体机/FA.step,.STEP,40647,eb007fe39f0500bcc43d82f6657e67f74cb86af7e3048af9acc2d56cb3c2aac3
cad/大葱收种一体机/GB╱T 276-2013[一面带密封圈（非接触式）的深沟球轴承[60000-RZ]619／6-RZ].step,.STEP,654590,1d4ec537d93415a907750f50c87713c46c5613767bb45a91a66a17d33a3c8124
cad/大葱收种一体机/GB╱T 6186-2000[2型全金属六角锁紧螺母 9级M5].step,.STEP,62972,5c963432a4ff9c7c2a49fcfe2dd440bf6cabae8c758b2dca33b371d427096575
cad/大葱收种一体机/GB╱T 6186-2000[2型全金属六角锁紧螺母 9级M6].step,.STEP,62941,9fa0bd599cc545c27af2defe672911bcc96816b88e4ab430228146d2d7d1fef0
cad/大葱收种一体机/GB╱T 70.2-2015[内六角平圆头螺钉M4×12].step,.STEP,58785,5db244b01a5c02a09b2d23278482bcbda852664c8ce31f08822bcb334875fb6f
cad/大葱收种一体机/GB╱T 70.2-2015[内六角平圆头螺钉M4×20].step,.STEP,58778,bd4bbff3e646e93ed64a4fe1b3dd4c881fc8e7f92c5330ba988a7913c2db27f3
cad/大葱收种一体机/GB╱T 70.2-2015[内六角平圆头螺钉M4×30].step,.STEP,58776,ad3a1067c2b38d384dde901ee5c2fa3b2d2c7922e0b20e9d6a998304352b0893
cad/大葱收种一体机/GB╱T 819.1-2016[十字槽沉头螺钉M3×25].step,.STEP,162888,99da688036ec5ff7fa5dd6ca450a6fcc20b97fd85a634d770f25fdbd8e4ebeb3
cad/大葱收种一体机/GB╱T 819.1-2016[十字槽沉头螺钉M3×30].step,.STEP,162875,6079f93d16e0bccad3134ac96ccbaed6b25566dee9a1ee2a8a3b7f343fa01ad7
cad/大葱收种一体机/GB╱T 9074.1-2002[十字槽盘头螺钉（S3）和平垫圈组合件M3×8 10.9 S3 N].step,.STEP,89693,564c9c1032fd4b6dbfca654faa6024b47571cf8daff64fd83182d465f802ab09
cad/大葱收种一体机/GB╱T 95-2002[平垫圈 C级3].step,.STEP,15911,6e33018bda53b4fdbe5027fcdf585f19a98c01acbf47061c1e93de0047c1a505
cad/大葱收种一体机/LB.step,.STEP,50878,d8146027cb39eafdf50c100c6207a45beb4e30d1759bea41473348771af63879
cad/大葱收种一体机/M3螺母.step,.STEP,60692,74ea1d9e3e2ab80baf7f41d171d33f572ad74685d21f7357a8523eb2276cd509
cad/大葱收种一体机/M4螺母.step,.STEP,52750,c890e3505b712d8e6b85bc5ea5dd66e844d79f35dadea406cbf8ef8789f930b2
cad/大葱收种一体机/SDB.step,.STEP,99115,3a0940f49bb631260aa96b22a98c2aee6965db4e5bd73c3729144bb50ff4c9d1
cad/大葱收种一体机/Spike Gribe.SLDPRT,.SLDPRT,791099,1c22f6aafba0e9884c30b4857ee47db107f4d4fb4978e370136fd264c8c81c85
cad/大葱收种一体机/Spike Gribe.step,.STEP,314180,f2917d423de3dead2fdfb115a513ec454f73c372f9cd1fb5012a0a647b2c58ee
cad/大葱收种一体机/T型螺母[AENT20-4].step,.STEP,43837,27fa84e9ca899bf6de8c7f51eff51b1f03135dc26420c76b7fa97770b7554874
cad/大葱收种一体机/_CT1-20-2020.step.SLDPRT,.SLDPRT,42711,f02dd1d6ed6b0173261f881d938b3ccd65071cef409969df7226f4abc06292a4
cad/大葱收种一体机/_CT1-20-2020.step.step,.STEP,96658,afe9d1fcf1104688aa8caf4071a4624f1bca761701f35828d79edf3796f3bd1d
cad/大葱收种一体机/_CT2-20-2020.step.SLDPRT,.SLDPRT,44715,9c60570d69ff4783556eefd02517b6af252ab44be227177388e968873526cc96
cad/大葱收种一体机/_CT2-20-2020.step.step,.STEP,100415,7ca443a51b054836be5a0194c59e8500bf31d39ade9d45dd8b12856210ed0166
cad/大葱收种一体机/不锈钢迷你型CTMA系列气缸[CTMA-16x25-S-CA-SDB]/16活塞杆.SLDPRT,.SLDPRT,122816,d433fd906658aa7f574432345a4635b0a0f5a74202e86c6d1f29b604293129ea
cad/大葱收种一体机/不锈钢迷你型CTMA系列气缸[CTMA-16x25-S-CA-SDB]/16缸体.SLDPRT,.SLDPRT,248377,439789c35b7b245cdcbd72d4bb002541ba7b35a0ad3acc996fe5cd3275b4dc8b
cad/大葱收种一体机/不锈钢迷你型CTMA系列气缸[CTMA-16x25-S-CA-SDB]/FA.SLDPRT,.SLDPRT,199168,b786bbb26b7dafd8d9f6fc3bd70ede3bbbf8ff0a39997bd919e980c28c1aeee1
cad/大葱收种一体机/不锈钢迷你型CTMA系列气缸[CTMA-16x25-S-CA-SDB]/LB.SLDPRT,.SLDPRT,259584,1e04e6803896e32a6dc2f31bb14d448b09f321030a479f188a8a4c2399853858
cad/大葱收种一体机/不锈钢迷你型CTMA系列气缸[CTMA-16x25-S-CA-SDB]/SDB.SLDPRT,.SLDPRT,135863,c18569a85fd3513eec9010792c2015b146d60cfc20336d12fa995ce8166f3f20
cad/大葱收种一体机/不锈钢迷你型CTMA系列气缸[CTMA-16x25-S-CA-SDB]/不锈钢迷你型CTMA系列气缸[CTMA-16x25-S-CA-SDB].sldasm,.SLDASM,277886,bc3458edee53a90165cc6ef0d45171a2ef30418ddc7086d7c49d4bb888d265a9
cad/大葱收种一体机/不锈钢迷你型CTMA系列气缸[CTMA-16x25-S-CA-SDB]/不锈钢迷你型CTMA系列气缸[CTMA-16x25-S-CA-SDB]_16活塞杆.SLDPRT,.SLDPRT,124352,755d411771c970c3fbbf1d904c755d8eefefe79c54146b877875ef8a7777dc17
cad/大葱收种一体机/不锈钢迷你型CTMA系列气缸[CTMA-16x25-S-CA-SDB]/不锈钢迷你型CTMA系列气缸[CTMA-16x25-S-CA-SDB]_16缸体.SLDPRT,.SLDPRT,248508,8a14f48b8c1a35ac6739d051ada4973137eebf8f7b9e8e77ed1d72f70c5e45c3
cad/大葱收种一体机/不锈钢迷你型CTMA系列气缸[CTMA-16x25-S-CA-SDB]/不锈钢迷你型CTMA系列气缸[CTMA-16x25-S-CA-SDB]_SDB.SLDPRT,.SLDPRT,135215,7cec538c0294821d53a6fe64dd2474efc8d72c0b67079ee33685bdbe18ecb4a8
cad/大葱收种一体机/不锈钢迷你型CTMA系列气缸[CTMA-16x25-S-CA-SDB]/后LB.SLDPRT,.SLDPRT,350720,59336cfd235f41dc2756f048e95901276a888642c2ffb9292d96fea359a171f0
cad/大葱收种一体机/不锈钢迷你型CTMA系列气缸[CTMA-16x25-S-CA-SDB]/活塞杆.SLDPRT,.SLDPRT,243712,4e3d11649ccf8598aecd1cd4be8872054f3eb66b99afff7fc32b6e1debe36c17
cad/大葱收种一体机/不锈钢迷你型CTMA系列气缸[CTMA-16x25-S-CA-SDB]/缸体.SLDPRT,.SLDPRT,977920,0cb0b9cc73c894c3b266782fd7f97771a99383b4d8fc8156114e8fff44bc901e
cad/大葱收种一体机/不锈钢迷你型CTMA系列气缸[CTMA-16x25-S-CA-SDB]_16活塞杆.step,.STEP,88984,13919030208e84c881a45940c045cc1ebca92645821f8c620396b9c1a369764b
cad/大葱收种一体机/不锈钢迷你型CTMA系列气缸[CTMA-16x25-S-CA-SDB]_16缸体.step,.STEP,202005,0a6f52e51e08add3aaa0e677dab33b786ed41bc94547f0f981f8240ab6eac620
cad/大葱收种一体机/不锈钢迷你型CTMA系列气缸[CTMA-16x25-S-CA-SDB]_SDB.step,.STEP,99285,a551cebe4e8cf37fda75236443af8becb0a92a17eefab857c855fc7db9e95dff
cad/大葱收种一体机/传送带轴固定座.SLDPRT,.SLDPRT,127212,f7da2e7cf076dae234f29591ca12e5121a0336ba1c13a7c01881c9a42033b4e6
cad/大葱收种一体机/传送带轴固定座.step,.STEP,54031,de18dd63fdd1352760dc7308730d9904cc119cf9a6119961596640a5ef2f5fa3
cad/大葱收种一体机/传送带轴固定座2.SLDPRT,.SLDPRT,164303,bbcd3e5798d74c70613de0ed2bdb5e6e629a7a586581a2eee07f28c9e49a7281
cad/大葱收种一体机/传送带轴固定座2.step,.STEP,102359,aa85a913945319fae486c7f55705c3da0b0707443929b91fe3856625216837d2
cad/大葱收种一体机/传送带轴固定调节座.SLDPRT,.SLDPRT,128641,262fdd433fd93c350919b94c59f9a60a7954eba7202ddd34571b69c666c49be4
cad/大葱收种一体机/传送带轴固定调节座.step,.STEP,58537,3b085a0f9436980fd592b08f13cddbd69e4e0b2d03898075f8314b2ab5c69ed4
cad/大葱收种一体机/传送带轴固定调节座2.SLDPRT,.SLDPRT,151300,ed54b079d7dddf7018905c308dc5f40f113b6f3450489ede1ddfbfb88332f93d
cad/大葱收种一体机/传送带轴固定调节座2.step,.STEP,105838,f9dcdff93921faec6b5cfa6901f2a9735ce0691aba1aaaaa9a311bd40ca37949
cad/大葱收种一体机/传送带轴固定调节电机座.SLDPRT,.SLDPRT,134919,d9d9927966b99612a76e872cbf6a6e5bd284deec5676b3931ba625a1d2ede404
cad/大葱收种一体机/传送带轴固定调节电机座.step,.STEP,58562,0ffe6384be0835c4718b19c90ece9ad25afcf7cf762ab9a18fd27a98cc0e127e
cad/大葱收种一体机/储存箱子.SLDPRT,.SLDPRT,96618,2b3113805278b6fac1e9bb9dd9390c1fd4538aab563bd64f920c29739335d054
cad/大葱收种一体机/储存箱子.step,.STEP,42190,66bfe9abd53bd3a64fbfaf053e6a62e1d700b4fafaa5a7675bf6578547f7d333
cad/大葱收种一体机/储存箱子支撑.SLDPRT,.SLDPRT,1496022,86246b3fc4a936decfd8c5825132c91e1c737b1c8e86313a36a1289eb5a36c3d
cad/大葱收种一体机/储存箱子支撑.step,.STEP,3329579,903711d45b781529a0da87789df1d6fb76fd10ae0f3eb57f6068ad2eedaf9a58
cad/大葱收种一体机/内六角螺栓[AEB6-18].step,.STEP,36975,48386e3ea0207f70308ef5eed6139e11526d90c0a048eb920c1a53b125e420f1
cad/大葱收种一体机/后LB.step,.STEP,88957,06011a63251fd742e4b126bdedd321a673b980ee752a5d4d389b4cc55078f46f
cad/大葱收种一体机/固定座.SLDPRT,.SLDPRT,123041,eb28d1fc747d435dbad73e871a95fc149e8bf8949d4cc42d34f02d5c75079a19
cad/大葱收种一体机/固定座.step,.STEP,154371,df58c24ed2595867609e030d5581599d092f1402404b506926a40b89e8309b93
cad/大葱收种一体机/垫片5.5x10t0.5.step,.STEP,15836,156f1853e9db9063ebcd08b4480c651e1733c45215cd6eebc21e353b4415417b
cad/大葱收种一体机/大葱.SLDPRT,.SLDPRT,56294,07b6919d57379cbdc12a20068bfb76012b426872747f1ee17e613b3aa8f59641
cad/大葱收种一体机/大葱.step,.STEP,10482,c42e551a57637efeecba26ae0b37721c38c90a83401911300f9690db2333f961
cad/大葱收种一体机/大葱收割机.SLDASM,.SLDASM,16701317,294361fd0259e0ff6ffe63ed1ecbab1ef12830e48e1cfd0aba2ea6470e57b373
cad/大葱收种一体机/大葱收割机.SLDDRW,.SLDDRW,35769549,e51210d6962896e82b2cc6c2e3e6376bf04366a848dc26f93a374b9c99b003e8
cad/大葱收种一体机/大葱收割机.STEP,.STEP,43740674,17869baca63294d5e54abd44329b14d4c5179e10e079a8dc1072db530698cd03
cad/大葱收种一体机/履带原版.SLDDRW,.SLDDRW,6496083,3db97c08deb2119c40f2cc3d443cba73277c28c2e898cfb75b72de24c378a8a8
cad/大葱收种一体机/开沟.SLDPRT,.SLDPRT,123809,5f1606294243e1fbc266746f4b4d0123e5fb14eededb59209885aa47512b192f
cad/大葱收种一体机/开沟.step,.STEP,28404,9766667a1ec56d91cfd759c5dadd13b5dd6dadf63a7e7903ef09d81c0ea6869a
cad/大葱收种一体机/弹簧座.SLDPRT,.SLDPRT,131124,f5292953fd8f7a28a66651451a17fde8eff8095b14a6c6d4f8fe5aafce0d28d2
cad/大葱收种一体机/弹簧座.step,.STEP,69318,5a110eabb3f42ab655a8b23ead29ac023ad250a01d9ad6aa3edb599f6872e309
cad/大葱收种一体机/弹簧座2.SLDPRT,.SLDPRT,126752,3c2306f5888fe1bed21fb695073825a2c6a2fde0822f38c2aeec4f75eddb622e
cad/大葱收种一体机/弹簧座2.step,.STEP,69389,e67a6ed93e3eef3a25e41c1e9e92c9d08ff81b65dd38ddf93dfaa443f3a4fc2f
cad/大葱收种一体机/弹簧座亚克力.SLDPRT,.SLDPRT,138321,53a49f93133f107d25e8504d5c8eb61ee56bff81e691437c267ca649e5f8c623
cad/大葱收种一体机/弹簧座亚克力.step,.STEP,101581,0f2f58b08bc87a0e36f83246cf05ea41d884a911e138e8989c79694d2d2b899c
cad/大葱收种一体机/扶葱.SLDPRT,.SLDPRT,135981,c419b87f7c8665f6671d8a1fa79e2a1852e89ee5dc0f354a366615e1c8f46343
cad/大葱收种一体机/扶葱.step,.STEP,72441,94839420e1b4875c215d3c022d4d48d8e532775c9f5741f22a6c2cdf73a25244
cad/大葱收种一体机/拆解.SLDDRW,.SLDDRW,7077950,e224d83bd49d3c31b3e767802d5e9eb9020c81395336cfb95d9bb1ff17aec5aa
cad/大葱收种一体机/播种部分.SLDASM,.SLDASM,1019296,ce324b196f056242fcafafffc83113742575199b951dfcf90e65047f8c7f11a5
cad/大葱收种一体机/播种部分.step,.STEP,4957877,b8d9fbf8999720a0385461c561f45859d8b556a771f33ada0db9dc6ae0638b86
cad/大葱收种一体机/播苗盘.SLDPRT,.SLDPRT,94969,1aa64b2114d124ea388116eecfea271c226c41d6b97ce2dc0845188813f95c1a
cad/大葱收种一体机/播苗盘.step,.STEP,36082,38970850a40fac6e0572e8298b0ab66bd9898f08770e99c7cc63de0cad50b37a
cad/大葱收种一体机/收割部分.SLDASM,.SLDASM,3219464,bd0243f32eed5d3f0bc40d282e6704b8b31d92c9b13d58becdf49e21a6565130
cad/大葱收种一体机/收集装置.SLDPRT,.SLDPRT,135193,e33e44fee6809a9a08743349742d8f63a49c55d73e2fd7dbf9e98c05768e2e68
cad/大葱收种一体机/收集装置.step,.STEP,82946,805c3eb968728be8e66279fb921367a206386f7662afd4339b4bd1184714a9cb
cad/大葱收种一体机/杆端F-M8X125U.SLDPRT,.SLDPRT,201349,ab4470fba9d69d15a3ba42243d444f9fbe826c8b046c06df6fe60bea66b76090
cad/大葱收种一体机/杆端F-M8X125U.step,.STEP,239289,0da92cc9e2b2c06903fd6ceb21980474b94388b51f58a710dc7fd88b076069bf
cad/大葱收种一体机/松土型材支架.SLDPRT,.SLDPRT,182040,ea7f7dc37a9293bc294c5926987826a3b30273eaff5ac6b122ffe4b217a1bf66
cad/大葱收种一体机/松土型材支架.step,.STEP,271400,12af421e5e27e0a2cb684c090066bb85693515a58b73f4960155671d9dea643a
cad/大葱收种一体机/松土型材支架2.SLDPRT,.SLDPRT,198225,fac2a22887260767cd862f179d9b89f456ce761742c13e54e7d4743e74b52422
cad/大葱收种一体机/松土型材支架2.step,.STEP,271388,b33fccb67a64b6b5843376a333bdffb29360c208c781a9f72a3a55d1c6301789
cad/大葱收种一体机/松土铲刀.SLDPRT,.SLDPRT,172889,19bd7eff7591babf329004d1fc8ed304645b17505933216da2e3e03bd451a7e2
cad/大葱收种一体机/松土铲刀.step,.STEP,172290,ad7a6d23ddecbd4568af6a78a83df626688458c97e4ea9147e3854e306d244e0
cad/大葱收种一体机/松土铲刀固定.SLDPRT,.SLDPRT,92570,1ecf45de17f1a866feec45e3e3c464aefed03de04334fb0e22d3f9d9dd7f6e74
cad/大葱收种一体机/松土铲刀固定.step,.STEP,34938,9fb602d0b987191eee68393f1a9cc30b4c2f8efed323c6da6eff0c9749dd6908
cad/大葱收种一体机/标件/11x5t5.SLDPRT,.SLDPRT,187544,fe9c9169a18ccb6889fea01d14ccb3d032181c1db669c5b76f31a0d8c824f71e
cad/大葱收种一体机/标件/11x5t5.step,.STEP,31501,cf772b881027246c59eb7c04ea463f3aee2b3571f9c62a0aca5dd16f886e866f
cad/大葱收种一体机/标件/17x26t5.SLDPRT,.SLDPRT,112534,301d69ae79207a9161651c87e92657ab9da74ca1f3e08a612b0028db78e3e493
cad/大葱收种一体机/标件/17x26t5.step,.STEP,30504,364e07fac95ae7f45038d4fc6d26df6e714c8e0b69afeec11f749e76fb6f9f2a
cad/大葱收种一体机/标件/20系列2020压铸角铝[CB-20-2020].SLDPRT,.SLDPRT,187259,bdfe4d77e58e5ecdfe1c2f80f0666ec4912f41e0c9b43371e104193bd585196c
cad/大葱收种一体机/标件/20系列2020压铸角铝[CB-20-2020].step,.STEP,131020,0a67ddb849265370cbd9e338c627f51723b0fb12d8c09b5361d335b03036e5b2
cad/大葱收种一体机/标件/GB╱T 276-2013[一面带密封圈（非接触式）的深沟球轴承[60000-RZ]619／6-RZ].sldprt,.SLDPRT,1492618,a43119a748fc52f449ef4bf50581d31b6c54df4b3aa157383bdc41f98e237c0a
cad/大葱收种一体机/标件/GB╱T 276-2013[一面带密封圈（非接触式）的深沟球轴承[60000-RZ]619／6-RZ].step,.STEP,654569,ba7f0c24067464a0fdbe72aa94116ba01dd271fa471648c61eab701f6cc3cfb7
cad/大葱收种一体机/标件/GB╱T 6186-2000[2型全金属六角锁紧螺母 9级M5].sldprt,.SLDPRT,130097,0500876ba6d509cc63dd37f0465aa863a49b18f07752c6f255ef86282f72b2dd
cad/大葱收种一体机/标件/GB╱T 6186-2000[2型全金属六角锁紧螺母 9级M5].step,.STEP,62966,14b5c4b467573ff18232a5353a7128d2a833119b8233a9e6b6ee0440d455ac7b
cad/大葱收种一体机/标件/GB╱T 6186-2000[2型全金属六角锁紧螺母 9级M6].sldprt,.SLDPRT,126128,85c01dee2154c5107286a5b3876d7746f25b8bc4c789babf61db373f64b6cf68
cad/大葱收种一体机/标件/GB╱T 6186-2000[2型全金属六角锁紧螺母 9级M6].step,.STEP,62938,cf2f87af7f1e4c0ff75290739cb1c272608a8132a1f8311ee9b5ae458871fba3
cad/大葱收种一体机/标件/GB╱T 70.2-2015[内六角平圆头螺钉M4×12].sldprt,.SLDPRT,307327,bd6357a3238bcaea60d34536c1002d0486454454bfb4be0dd48d69b6a46e66d5
cad/大葱收种一体机/标件/GB╱T 70.2-2015[内六角平圆头螺钉M4×12].step,.STEP,58789,67918c1877a814eb4dfc25eee09373f7d0dbd9b116ac2d5c5b64ba39f2ebea43
cad/大葱收种一体机/标件/GB╱T 70.2-2015[内六角平圆头螺钉M4×20].sldprt,.SLDPRT,327663,798011bea56bd0f5122959a556333ec600c8ccd652dddd8f7142c6f16fcc98bf
cad/大葱收种一体机/标件/GB╱T 70.2-2015[内六角平圆头螺钉M4×20].step,.STEP,58778,6201eafb68846e4ab4ac1f2c95cfb9aab4c8dda1bb45b907e3d67c7d12d01c8f
cad/大葱收种一体机/标件/GB╱T 70.2-2015[内六角平圆头螺钉M4×30].sldprt,.SLDPRT,322983,14ddc980b769664c7729db51c2bd779976a7a5abd5f6351f628177e3ac4f4939
cad/大葱收种一体机/标件/GB╱T 70.2-2015[内六角平圆头螺钉M4×30].step,.STEP,58780,333da1169f33e0a41243ce7caa92de94189d01f79e7087b8d92bbaece025eba7
cad/大葱收种一体机/标件/GB╱T 819.1-2016[十字槽沉头螺钉M3×25].sldprt,.SLDPRT,446942,3a6be6c209d7c2f5f299a4d24abe4f6e4115ba2b58520837ee59585467cda2a0
cad/大葱收种一体机/标件/GB╱T 819.1-2016[十字槽沉头螺钉M3×25].step,.STEP,162884,f4a00e62f501a4d64210fbcc042ad9abf9972a4fd9970557ac2fae54721e6138
cad/大葱收种一体机/标件/GB╱T 819.1-2016[十字槽沉头螺钉M3×30].sldprt,.SLDPRT,493395,17f50c1cc26f03fc677a61f3c635d490232e4c079575769d38324fca77dc43fa
cad/大葱收种一体机/标件/GB╱T 819.1-2016[十字槽沉头螺钉M3×30].step,.STEP,162851,997e0161bee0cfa59780597b21f32ce92f96f87aa00f61de8379ad120ea44a75
cad/大葱收种一体机/标件/GB╱T 9074.1-2002[十字槽盘头螺钉（S3）和平垫圈组合件M3×8 10.9 S3 N].sldprt,.SLDPRT,218205,b3eff04f990c8941a2fb92877788db054e6ab1a47af4ddfb52360a9a8c446486
cad/大葱收种一体机/标件/GB╱T 9074.1-2002[十字槽盘头螺钉（S3）和平垫圈组合件M3×8 10.9 S3 N].step,.STEP,89671,57415320de1878d8ea82b8061d56ac5eec90698f283243013b2916a27bc12d5d
cad/大葱收种一体机/标件/GB╱T 95-2002[平垫圈 C级3].sldprt,.SLDPRT,96986,79a45188fdd4f0ab50740ba9d019646ffd9d4eddf1d68f08a9747a9c62418aeb
cad/大葱收种一体机/标件/GB╱T 95-2002[平垫圈 C级3].step,.STEP,15901,832def15745a68f3b46e548c82894cedd66424b104ab979d9394733bc0571945
cad/大葱收种一体机/标件/M3螺母.SLDPRT,.SLDPRT,139563,24918cdb4603589a1151ba7ccaf763b70784ca546f37c05466ade284164ab428
cad/大葱收种一体机/标件/M3螺母.step,.STEP,60695,8473d1dd17fe0ee904c7cc4af73ee0f9a591addb175eec0240d7323eb0237530
cad/大葱收种一体机/标件/M4螺母.SLDPRT,.SLDPRT,155973,9ea4bf58197f8e69131b25954fee2926650b18ff380996139601486654de885b
cad/大葱收种一体机/标件/M4螺母.step,.STEP,52750,cd47b01634ee7a4ef00ac16beb5de6b8770b921bc6ab1dbcea8673161413013d
cad/大葱收种一体机/标件/T型螺母[AENT20-4].SLDPRT,.SLDPRT,71603,2b985362bf313a13236d68b8f1ceb8e88ef9bcdb5e619a1e54e3d4db2cec9e88
cad/大葱收种一体机/标件/T型螺母[AENT20-4].step,.STEP,43846,a94a77c91c0d4865e04bb2418388227bc08080cab9129b4b75cd788acf3c18db
cad/大葱收种一体机/标件/内六角螺栓[AEB6-18].sldprt,.SLDPRT,183624,93430151eac80085561e1f6f86b2a3d10827a3fd356cfeb140c26896deb0de6e
cad/大葱收种一体机/标件/内六角螺栓[AEB6-18].step,.STEP,36977,176e4e9599b7794b3dac7f664d65d2aee4af55e9d5ccf014e4e2f3d84cd573dc
cad/大葱收种一体机/标件/垫片5.5x10t0.5.SLDPRT,.SLDPRT,77816,c8ce97620eebfc1374206c784e4421cbc3c69ce96e339d2a59a26f25e55ef898
cad/大葱收种一体机/标件/垫片5.5x10t0.5.step,.STEP,15832,0f1d32c3e20636281f0f8054927048040fd448d928f6ff18f164da9ffe9b9877
cad/大葱收种一体机/标件/活动铰链[CT-20-2020].step.SLDASM,.SLDASM,22569,267944cdce0d7e5b288084ee15f4d74b91d3bb10bd40575207a303aae4bcf196
cad/大葱收种一体机/标件/特殊螺钉 小径内六角圆柱头螺钉[PSGS-M8-30-B].SLDPRT,.SLDPRT,73478,fe9ca537425bf9c173eaa083ff70ceb7bd9d71016331c64852812513ce056455
cad/大葱收种一体机/标件/特殊螺钉 小径内六角圆柱头螺钉[PSGS-M8-30-B].step,.STEP,34492,b6eecad45e0912c3f915b9bd5e825d68838baa6b4aad498b56cb8ae8e7fcd617
cad/大葱收种一体机/标件/镜向GB╱T 276-2013[一面带密封圈（非接触式）的深沟球轴承[60000-RZ]619／6-RZ].SLDPRT,.SLDPRT,220370,7532210ebf28ecc8bff4683678502652eadb06790768e97325839f86230b5c7d
cad/大葱收种一体机/标件/镜向GB╱T 276-2013[一面带密封圈（非接触式）的深沟球轴承[60000-RZ]619／6-RZ].step,.STEP,501001,aba6d4c1dde06bccba14de042b40cdd0943ee06164cb9b2888e243b1fbfc8a21
cad/大葱收种一体机/标件/镜向GB╱T 6186-2000[2型全金属六角锁紧螺母 9级M6].SLDPRT,.SLDPRT,66716,0b9b83b0fe029a2035241e0c6bae273927783b8f502fb86d1ee6db7eba184b9c
cad/大葱收种一体机/标件/镜向GB╱T 6186-2000[2型全金属六角锁紧螺母 9级M6].step,.STEP,63158,0887160ffd01ba252a1d342c7f9ba25094e32560edda792e894f026a4a3ca371
cad/大葱收种一体机/标件/镜向GB╱T 70.2-2015[内六角平圆头螺钉M4×12].SLDPRT,.SLDPRT,64620,8d062633634c4eb7e4db483f6591f6d61340dab901bc70d90a2a50f4901be2b9
cad/大葱收种一体机/标件/镜向GB╱T 70.2-2015[内六角平圆头螺钉M4×12].step,.STEP,58778,22d48935f5faca153a87989f8087a4625585a8c1441e817594849555910e5d6d
cad/大葱收种一体机/标件/镜向活动铰链[CT-20-2020].step.SLDASM,.SLDASM,116242,d672628827d615609e4444616559be0cb06b586a38500481ce5b6d35ba8a531b
cad/大葱收种一体机/标件/镜向活动铰链[CT-20-2020].step1.SLDASM,.SLDASM,116031,704d37273ccafe7678f11f78501e34945a0ceb8c7b04c0dc47184b5d67907a4f
cad/大葱收种一体机/标件/镜向活动铰链[CT-20-2020].step2.SLDASM,.SLDASM,115705,d7128369af9be4a4df373538389a39b9810df113bbccd8ac1ddf176863f91c0b
cad/大葱收种一体机/标件/镜向活动铰链[CT-20-2020].step3.SLDASM,.SLDASM,115113,36d52e7705cc3ca771ad98ca3541251f89b19292066a189faa1028837d49b13b
cad/大葱收种一体机/标件/镜向活动铰链[CT-20-2020].step4.SLDASM,.SLDASM,116103,f370668a37818545e4d6388a905ecb4305cab679bbc285f51ba8ea995c7ac3c4
cad/大葱收种一体机/标件/镜向活动铰链[CT-20-2020].step5.SLDASM,.SLDASM,115650,cd0d4ef599c4f88b95baa05bdf8b7d8f6d508591a97850a686ce475ac95128b3
cad/大葱收种一体机/标件/镜向活动铰链[CT-20-2020].step6.SLDASM,.SLDASM,115717,3f731678776e9454a3e028e3ef231fa82dcafb568f8963b804c40d58b0f18db7
cad/大葱收种一体机/标件/镜向活动铰链[CT-20-2020].step7.SLDASM,.SLDASM,116080,8be6bd811a715acadc49c1e5dea5de3df8742c4e874ef743e02fcc4589187cb6
cad/大葱收种一体机/气缸座 3.SLDPRT,.SLDPRT,155222,860378d577b14358ae3703f14243a76919d0193285754b85f4ab8a2b14dcd16c
cad/大葱收种一体机/气缸座 3.step,.STEP,91966,814140c00b09ca43dad3675e3f7fd18679faaa612a7bf5541aa6af76531e1564
cad/大葱收种一体机/气缸座.SLDPRT,.SLDPRT,126819,6130fdb7fb2a1ef548cff6e77a0ae700d9dc9f90ef3eb51eaa9aa1e11300c76d
cad/大葱收种一体机/气缸座.step,.STEP,66627,13756aea19fab84da959917e1a70d67b7adec616de4411be2f534134b67f8cae
cad/大葱收种一体机/气缸座2.SLDPRT,.SLDPRT,128210,a4d12b9df96cd773162bc9c90cdda86c29500fa8af5239c75cdf4eef12a1e2d7
cad/大葱收种一体机/气缸座2.step,.STEP,66619,7aaae1482ac3bf9cfc4f6d7e9f929a89b5356a120221a587ffc8109267d91160
cad/大葱收种一体机/活塞杆.step,.STEP,119713,1e05dde657dcea130c9e6185eb14383a663754ad9ddb23bde1689c37e1dc4062
cad/大葱收种一体机/清土刷轮.SLDPRT,.SLDPRT,537199,5c381068cb5336eba854a6f1a419c9fc8a90dc50f48276fc304d6a29c0281afc
cad/大葱收种一体机/清土刷轮.step,.STEP,1372417,1e5e4a727911e86a81e220f59341bf4e7e8f21423033ee04fe9b3a9470afbfd4
cad/大葱收种一体机/清土轮支架支撑型材2.SLDPRT,.SLDPRT,164371,0d969286519d7339c6325c19d79effc192fc5b258d9de2a2bda5da8d1e3c37a9
cad/大葱收种一体机/清土轮支架支撑型材2.step,.STEP,396137,e201c6f9e68ff3041120f5e3d1cef7b2229d65431bb67bc05ddc9fd7183e89b9
cad/大葱收种一体机/特殊螺钉 小径内六角圆柱头螺钉[PSGS-M8-30-B].step,.STEP,34485,bcde4a12eca2d66f46d4c5a4d1441ba7197239c0e50971ee674a1977f6938731
cad/大葱收种一体机/电源.SLDPRT,.SLDPRT,622560,16b9f1efc93c70e67445082ee04e6bd56296810dde7fb91eadcf3d85cba81d48
cad/大葱收种一体机/电源.step,.STEP,904504,49acbcb652d43c0119b2a28c5a8684a237cdfd282b1f0e82bb983e42d9927138
cad/大葱收种一体机/盘.SLDPRT,.SLDPRT,117756,1e245763500b69d4385c7676ae0a26be0e5fc4a8186ae99cd59afc0c00f71039
cad/大葱收种一体机/盘.step,.STEP,103018,36e6c67a7b85df9e6cfebbe0e8504ed65787c0537aa2a2c62b5e37c7037ac3de
cad/大葱收种一体机/缸体.step,.STEP,344921,2befed1a683347437f72fe2d54c90ecb8c4579339b1351214f67a5e3102ffa84
cad/大葱收种一体机/翻土.SLDASM,.SLDASM,205474,98d970b99be36cc77746ba66c4a2cb97a80fb720967a5797eddc77bbd517592b
cad/大葱收种一体机/翻土.SLDPRT,.SLDPRT,88437,07ed78bf3e1cb02c2a59ebd37f8ccd1cfe066a631d3e67a9ee75fc501f054c0d
cad/大葱收种一体机/翻土.step,.STEP,38852,6c7508b43c8e50203f04c90f52a81d5f522ddab5935a76e197fee97148f81b6e
cad/大葱收种一体机/负重轮.SLDPRT,.SLDPRT,867029,e2be1990553d931d2473b761584b636209c984f6c9acc27e22555461075f4102
cad/大葱收种一体机/负重轮.step,.STEP,761823,a23601f7f5d7e37ae9d3d8209061c01a9cfc9bf365c258fe690b89a323dc8697
cad/大葱收种一体机/负重轮座.SLDPRT,.SLDPRT,103642,2ed3343f929b453194124d83b5e384654f5e51026d857e6f7dd861a0c530ee6d
cad/大葱收种一体机/负重轮座.step,.STEP,49432,f7b3e62afadd29a50d4bf7366f046425ae17024cdbbdc6aa9800a4483517738a
cad/大葱收种一体机/起垄.SLDPRT,.SLDPRT,206462,5ec13b7e8a167a989647360b947793e134c62dd67554ccec2fad5a77bfd126cb
cad/大葱收种一体机/起垄.step,.STEP,166719,148e13e8438d2176c815f2fca5584f60ed23e2c9c34864fe03f38e16e89a37ed
cad/大葱收种一体机/起垄座.SLDPRT,.SLDPRT,159956,4b530ffcb8e7457d78a5d3f98aa849db3449b19344728b36d68bf6b20e909c3a
cad/大葱收种一体机/起垄座.step,.STEP,130438,62759aa04117db102e10de48a27e7da062a4e5c14b7a4940571cd2d1e9478bcf
cad/大葱收种一体机/车架.SLDPRT,.SLDPRT,4410360,b0d9ccff02155f98b305ad655113a30494bdd7a7d79fddf827a9dae869f656fa
cad/大葱收种一体机/车架.step,.STEP,7688966,4944ae42a1839a0f696ee08803cb08e9ce570bf411d9c737d8eb002468f7dacf
cad/大葱收种一体机/轮子/19.AXLE.SLDPRT,.SLDPRT,931787,e8a8aff9e9b8b96612b6ab26e7474ec9259d914b8501b8253157846d8fb4e6ac
cad/大葱收种一体机/轮子/20.RIM.SLDPRT,.SLDPRT,306961,1649da9a1fccebaaa494804f7575468694105824c79a1a381bd56b293d5b8c9c
cad/大葱收种一体机/轮子/21. TYRE.SLDPRT,.SLDPRT,14962164,e41c964ae8d19fe04d4716a62f53aff7786f7f85adcb00c88e47cd9a296778e1
cad/大葱收种一体机/轮子/23. Tyre Sub Assembly.SLDASM,.SLDASM,5628220,92d218f2f911a7555fab090c3c9e899b5f3e4ff48789e3cf62904eb66c976541
cad/大葱收种一体机/轴.SLDPRT,.SLDPRT,194524,4df4a56281e7b5882372ab4231f5005774f347bc45242861763c659c0da9c265
cad/大葱收种一体机/轴.step,.STEP,286804,972fc379fa35ee802f40addfe52df64bd5b1b91262614a9cedd4c8cc6a65368c
cad/大葱收种一体机/输送带.SLDPRT,.SLDPRT,82408,d8be04bdc7d879c442ff05e5afa99453cdffefb7605d41c886988abeebed0a6a
cad/大葱收种一体机/输送带.step,.STEP,49512,86ad018f97a99119ebbdac69f94aa1e412474d56cf264b0d0e75b3e507b44876
cad/大葱收种一体机/输送带型材.SLDPRT,.SLDPRT,237328,9f16b3a748e842df35197c17491978c484725d1c2b78279570cae4bd17397d72
cad/大葱收种一体机/输送带型材.step,.STEP,271378,c8b05e0ea8fcf1e0fd38093897c6f37947eff3a60cba000c84b37fd6d55f85ed
cad/大葱收种一体机/输送带导向滚 动力.SLDPRT,.SLDPRT,537799,197285bbcf5fe060447f67f720df950b148aab05a3f670408edd3ff9cea56b0f
cad/大葱收种一体机/输送带导向滚 动力.step,.STEP,1360504,8ce085ec9473404e21335933267ce6e5f9aa661dfaf953dd26229e22c5ea77fa
cad/大葱收种一体机/输送带导向滚.SLDPRT,.SLDPRT,145957,bdddb15acd41d846d56b38115c30dc8bd6a141a81c0d80b2d0f423ae9a1a6ea8
cad/大葱收种一体机/输送带导向滚.step,.STEP,47433,970d1d38235de729bdc918ffedd475e79d7a92ddfad68d9cad4ef9bcba8c1b5d
cad/大葱收种一体机/输送带导向滚2.SLDPRT,.SLDPRT,96526,65ece34ca7639fcdeff2583dadd6c959a019804a0f9366b165889c5df2df7ac6
cad/大葱收种一体机/输送带导向滚2.step,.STEP,47052,c505ad4a0c62df306762aa21d45b13e56eced213d2cb6f06882b711af3558f7a
cad/大葱收种一体机/输送带导向滚2固定亚克力板.SLDPRT,.SLDPRT,103989,8c804bd1af81d081da2aeeb4277101ac17d3b9d7e27b904c01eb1f165481bb23
cad/大葱收种一体机/输送带导向滚2固定亚克力板.step,.STEP,69156,2fada737d43cae441e83cae5efd4130cb7e4ad9cbe1a5155a11b63b43e765722
cad/大葱收种一体机/输送带导向滚轴.SLDPRT,.SLDPRT,132460,0b651d776bbcf5caa7da09b61d10d9b828f46a53d8d2be4d3983d230c27bab6c
cad/大葱收种一体机/输送带导向滚轴.step,.STEP,20117,9ffba2fec0f261a0ec465b94ea32f75f005eb2741fbdfed6d663d03866f7c309
cad/大葱收种一体机/输送带导向轮.SLDASM,.SLDASM,1378394,37727a2021abf67695d010f2aa7b8cefd871fdabda403255e98cfa1ef0a9d848
cad/大葱收种一体机/输送带导向轮2.SLDASM,.SLDASM,1560036,b794e32dbec91371829d3e5ec7a03582ed42fcc0c36abbde9aab3f004adb715b
cad/大葱收种一体机/输送带导向轮2张紧.SLDASM,.SLDASM,1260569,592d694340840b073a9c70b8e6a3dfe92821c0d14c7bcffbc9d5d9719f754b83
cad/大葱收种一体机/输送带支撑型材.SLDPRT,.SLDPRT,210555,bee1fc5fbf746f56041091a9729faa1594fcda83cc8a477fc483c05344a0df58
cad/大葱收种一体机/输送带支撑型材.step,.STEP,271682,6869123037d43705afd7cb5f40eb75238b783600c076a0b4b838771720357288
cad/大葱收种一体机/输送带支撑型材2.SLDPRT,.SLDPRT,206714,3d97378269263cd5f1431f0329652e6d9d8b9860e4a7ff32cebeb0c38186929f
cad/大葱收种一体机/输送带支撑型材2.step,.STEP,270938,542a3146e68f67ca0ebb2d2f201dcee8904f84522a9232ac515032ea53ccc296
cad/大葱收种一体机/镜向GB╱T 276-2013[一面带密封圈（非接触式）的深沟球轴承[60000-RZ]619／6-RZ].step,.STEP,500992,b968613a651dd9257961229c21799bac856d00fe896c1af4eac63dd9c7aec945
cad/大葱收种一体机/镜向GB╱T 6186-2000[2型全金属六角锁紧螺母 9级M6].step,.STEP,63168,cccfc4ae45cd102e818ab06daadb8027dbe6e194f50069f21b71d53dece429f5
cad/大葱收种一体机/镜向GB╱T 70.2-2015[内六角平圆头螺钉M4×12].step,.STEP,58777,85095facb2e8edea817b78ec2a671498cda3c9db4d473fac66db2801d381629c
cad/大葱收种一体机/镜向扶葱.SLDPRT,.SLDPRT,87370,5afe7248411ecfb5390a6275d54069224c1aa0fc817ebc4bf737d06c9478a0ba
cad/大葱收种一体机/镜向扶葱.step,.STEP,72536,5ac9b98628498ab3efa498055d9edec4d73929cca13e028a1b84140afb07d3f9
